symbol,object,linenumber,filename,function
getAllDisplays,a.default,491433,out/Skype_extract/app-arm64/app.unminified.js,k
getAllDisplays,a.default,491485,out/Skype_extract/app-arm64/app.unminified.js,anonymous function
getAllDisplays,a.default,491550,out/Skype_extract/app-arm64/app.unminified.js,anonymous function
getAllDisplays,a.default,491583,out/Skype_extract/app-arm64/app.unminified.js,anonymous function
getAllDisplays,a.default,491624,out/Skype_extract/app-arm64/app.unminified.js,p
getAllDisplays,a.default,491635,out/Skype_extract/app-arm64/app.unminified.js,g
release,s.default,43096,out/Skype_extract/app-arm64/app.unminified.js,anonymous function
release,s.default,43101,out/Skype_extract/app-arm64/app.unminified.js,anonymous function
release,n.default,43584,out/Skype_extract/app-arm64/app.unminified.js,anonymous function
release,n.default,48764,out/Skype_extract/app-arm64/app.unminified.js,anonymous function
release,._audioManagerClient,158329,out/Skype_extract/app-arm64/app.unminified.js,anonymous function
release,._player,158354,out/Skype_extract/app-arm64/app.unminified.js,anonymous function
release,._audioManagerClient,158361,out/Skype_extract/app-arm64/app.unminified.js,anonymous function
release,._player,158361,out/Skype_extract/app-arm64/app.unminified.js,anonymous function
release,._audioManagerClient,158603,out/Skype_extract/app-arm64/app.unminified.js,anonymous function
release,s.default,204580,out/Skype_extract/app-arm64/app.unminified.js,anonymous function
release,s.default,204583,out/Skype_extract/app-arm64/app.unminified.js,anonymous function
release,n.default,238738,out/Skype_extract/app-arm64/app.unminified.js,anonymous function
release,l.default,238861,out/Skype_extract/app-arm64/app.unminified.js,anonymous function
release,l.default,238907,out/Skype_extract/app-arm64/app.unminified.js,anonymous function
release,l.default,239144,out/Skype_extract/app-arm64/app.unminified.js,anonymous function
release,i.player,240357,out/Skype_extract/app-arm64/app.unminified.js,anonymous function
release,._audioManagerClient,276016,out/Skype_extract/app-arm64/app.unminified.js,anonymous function
release,._audioManagerClient,276021,out/Skype_extract/app-arm64/app.unminified.js,anonymous function
release,s.default,304332,out/Skype_extract/app-arm64/app.unminified.js,anonymous function
release,s.default,304531,out/Skype_extract/app-arm64/app.unminified.js,anonymous function
release,._audioManagerClient,322694,out/Skype_extract/app-arm64/app.unminified.js,anonymous function
release,._audioManagerClient,322901,out/Skype_extract/app-arm64/app.unminified.js,anonymous function
release,._audioManagerClient,322910,out/Skype_extract/app-arm64/app.unminified.js,anonymous function
release,._audioManagerClient,322917,out/Skype_extract/app-arm64/app.unminified.js,anonymous function
release,._audioManagerClient,322961,out/Skype_extract/app-arm64/app.unminified.js,anonymous function
release,._audioManagerClient,324048,out/Skype_extract/app-arm64/app.unminified.js,anonymous function
release,._audioManagerClient,324167,out/Skype_extract/app-arm64/app.unminified.js,anonymous function
release,._audioManagerClient,337272,out/Skype_extract/app-arm64/app.unminified.js,anonymous function
release,._audioManagerClient,337277,out/Skype_extract/app-arm64/app.unminified.js,anonymous function
release,._audioManagerClient,340103,out/Skype_extract/app-arm64/app.unminified.js,anonymous function
release,n.default,345928,out/Skype_extract/app-arm64/app.unminified.js,anonymous function
release,n.default,345961,out/Skype_extract/app-arm64/app.unminified.js,anonymous function
release,._audioManagerClient,368792,out/Skype_extract/app-arm64/app.unminified.js,anonymous function
release,._audioManagerClient,368832,out/Skype_extract/app-arm64/app.unminified.js,anonymous function
release,a.default,406217,out/Skype_extract/app-arm64/app.unminified.js,anonymous function
release,a.default,406225,out/Skype_extract/app-arm64/app.unminified.js,anonymous function
release,n.default,407626,out/Skype_extract/app-arm64/app.unminified.js,anonymous function
release,s.default,408059,out/Skype_extract/app-arm64/app.unminified.js,anonymous function
release,a.default,416224,out/Skype_extract/app-arm64/app.unminified.js,anonymous function
release,a.default,416241,out/Skype_extract/app-arm64/app.unminified.js,anonymous function
release,a.default,416262,out/Skype_extract/app-arm64/app.unminified.js,anonymous function
release,a.default,416277,out/Skype_extract/app-arm64/app.unminified.js,anonymous function
release,a.default,416293,out/Skype_extract/app-arm64/app.unminified.js,anonymous function
release,n.default,420275,out/Skype_extract/app-arm64/app.unminified.js,anonymous function
release,s.default,420689,out/Skype_extract/app-arm64/app.unminified.js,anonymous function
release,._composingIndicationEventSender,444277,out/Skype_extract/app-arm64/app.unminified.js,anonymous function
release,._autoCompletionEventSender,444277,out/Skype_extract/app-arm64/app.unminified.js,anonymous function
getLocale,ee,36839,out/Skype_extract/app-arm64/app.unminified.js,anonymous function
getLocale,I,38358,out/Skype_extract/app-arm64/app.unminified.js,anonymous function
getLocale,x,40981,out/Skype_extract/app-arm64/app.unminified.js,anonymous function
getLocale,x,41166,out/Skype_extract/app-arm64/app.unminified.js,anonymous function
getLocale,c,41414,out/Skype_extract/app-arm64/app.unminified.js,anonymous function
getLocale,q,44219,out/Skype_extract/app-arm64/app.unminified.js,anonymous function
getLocale,q,44222,out/Skype_extract/app-arm64/app.unminified.js,anonymous function
getLocale,l,49506,out/Skype_extract/app-arm64/app.unminified.js,anonymous function
getLocale,c,102996,out/Skype_extract/app-arm64/app.unminified.js,anonymous function
getLocale,h,108770,out/Skype_extract/app-arm64/app.unminified.js,anonymous function
getLocale,h,108778,out/Skype_extract/app-arm64/app.unminified.js,anonymous function
getLocale,h,108826,out/Skype_extract/app-arm64/app.unminified.js,anonymous function
getLocale,h,108837,out/Skype_extract/app-arm64/app.unminified.js,anonymous function
getLocale,f,111204,out/Skype_extract/app-arm64/app.unminified.js,anonymous function
getLocale,p,114415,out/Skype_extract/app-arm64/app.unminified.js,anonymous function
getLocale,p,114418,out/Skype_extract/app-arm64/app.unminified.js,anonymous function
getLocale,p,114442,out/Skype_extract/app-arm64/app.unminified.js,anonymous function
getLocale,n,117201,out/Skype_extract/app-arm64/app.unminified.js,anonymous function
getLocale,f,122943,out/Skype_extract/app-arm64/app.unminified.js,anonymous function
getLocale,f,123169,out/Skype_extract/app-arm64/app.unminified.js,anonymous function
getLocale,d,126850,out/Skype_extract/app-arm64/app.unminified.js,anonymous function
getLocale,h,131085,out/Skype_extract/app-arm64/app.unminified.js,anonymous function
getLocale,g,141324,out/Skype_extract/app-arm64/app.unminified.js,anonymous function
getLocale,g,141356,out/Skype_extract/app-arm64/app.unminified.js,anonymous function
getLocale,g,141378,out/Skype_extract/app-arm64/app.unminified.js,anonymous function
getLocale,h,141525,out/Skype_extract/app-arm64/app.unminified.js,anonymous function
getLocale,h,141543,out/Skype_extract/app-arm64/app.unminified.js,anonymous function
getLocale,h,141857,out/Skype_extract/app-arm64/app.unminified.js,anonymous function
getLocale,h,141927,out/Skype_extract/app-arm64/app.unminified.js,anonymous function
getLocale,h,141941,out/Skype_extract/app-arm64/app.unminified.js,anonymous function
getLocale,s,154122,out/Skype_extract/app-arm64/app.unminified.js,anonymous function
getLocale,p,155409,out/Skype_extract/app-arm64/app.unminified.js,anonymous function
getLocale,d,174324,out/Skype_extract/app-arm64/app.unminified.js,anonymous function
getLocale,d,174331,out/Skype_extract/app-arm64/app.unminified.js,anonymous function
getLocale,c,177897,out/Skype_extract/app-arm64/app.unminified.js,anonymous function
getLocale,m,187193,out/Skype_extract/app-arm64/app.unminified.js,anonymous function
getLocale,_,187588,out/Skype_extract/app-arm64/app.unminified.js,anonymous function
getLocale,C,187793,out/Skype_extract/app-arm64/app.unminified.js,anonymous function
getLocale,u,191508,out/Skype_extract/app-arm64/app.unminified.js,anonymous function
getLocale,H,198543,out/Skype_extract/app-arm64/app.unminified.js,anonymous function
getLocale,H,198733,out/Skype_extract/app-arm64/app.unminified.js,anonymous function
getLocale,H,199103,out/Skype_extract/app-arm64/app.unminified.js,anonymous function
getLocale,u,227742,out/Skype_extract/app-arm64/app.unminified.js,anonymous function
getLocale,T,229199,out/Skype_extract/app-arm64/app.unminified.js,anonymous function
getLocale,T,229200,out/Skype_extract/app-arm64/app.unminified.js,anonymous function
getLocale,g,232099,out/Skype_extract/app-arm64/app.unminified.js,anonymous function
getLocale,g,232102,out/Skype_extract/app-arm64/app.unminified.js,anonymous function
getLocale,g,232107,out/Skype_extract/app-arm64/app.unminified.js,anonymous function
getLocale,g,232141,out/Skype_extract/app-arm64/app.unminified.js,anonymous function
getLocale,l,232552,out/Skype_extract/app-arm64/app.unminified.js,anonymous function
getLocale,n,233623,out/Skype_extract/app-arm64/app.unminified.js,anonymous function
getLocale,s,233834,out/Skype_extract/app-arm64/app.unminified.js,anonymous function
getLocale,_,238378,out/Skype_extract/app-arm64/app.unminified.js,anonymous function
getLocale,f,246622,out/Skype_extract/app-arm64/app.unminified.js,anonymous function
getLocale,r,250452,out/Skype_extract/app-arm64/app.unminified.js,anonymous function
getLocale,m,251974,out/Skype_extract/app-arm64/app.unminified.js,C
getLocale,m,251981,out/Skype_extract/app-arm64/app.unminified.js,anonymous function
getLocale,m,251994,out/Skype_extract/app-arm64/app.unminified.js,anonymous function
getLocale,m,252006,out/Skype_extract/app-arm64/app.unminified.js,T
getLocale,S,256075,out/Skype_extract/app-arm64/app.unminified.js,anonymous function
getLocale,d,262040,out/Skype_extract/app-arm64/app.unminified.js,anonymous function
getLocale,d,262052,out/Skype_extract/app-arm64/app.unminified.js,anonymous function
getLocale,S,262220,out/Skype_extract/app-arm64/app.unminified.js,anonymous function
getLocale,S,262263,out/Skype_extract/app-arm64/app.unminified.js,anonymous function
getLocale,u,271988,out/Skype_extract/app-arm64/app.unminified.js,anonymous function
getLocale,r,276986,out/Skype_extract/app-arm64/app.unminified.js,anonymous function
getLocale,u,277763,out/Skype_extract/app-arm64/app.unminified.js,anonymous function
getLocale,u,277764,out/Skype_extract/app-arm64/app.unminified.js,anonymous function
getLocale,d.default,280572,out/Skype_extract/app-arm64/app.unminified.js,anonymous function
getLocale,g,282711,out/Skype_extract/app-arm64/app.unminified.js,anonymous function
getLocale,n,283090,out/Skype_extract/app-arm64/app.unminified.js,anonymous function
getLocale,n,283141,out/Skype_extract/app-arm64/app.unminified.js,anonymous function
getLocale,m,291339,out/Skype_extract/app-arm64/app.unminified.js,anonymous function
getLocale,c,296174,out/Skype_extract/app-arm64/app.unminified.js,anonymous function
getLocale,F,297709,out/Skype_extract/app-arm64/app.unminified.js,anonymous function
getLocale,a,299474,out/Skype_extract/app-arm64/app.unminified.js,anonymous function
getLocale,a,299501,out/Skype_extract/app-arm64/app.unminified.js,anonymous function
getLocale,s,299617,out/Skype_extract/app-arm64/app.unminified.js,anonymous function
getLocale,n,299768,out/Skype_extract/app-arm64/app.unminified.js,anonymous function
getLocale,I,300619,out/Skype_extract/app-arm64/app.unminified.js,anonymous function
getLocale,I,300629,out/Skype_extract/app-arm64/app.unminified.js,anonymous function
getLocale,I,300741,out/Skype_extract/app-arm64/app.unminified.js,anonymous function
getLocale,r,303040,out/Skype_extract/app-arm64/app.unminified.js,anonymous function
getLocale,c,310704,out/Skype_extract/app-arm64/app.unminified.js,anonymous function
getLocale,n,315793,out/Skype_extract/app-arm64/app.unminified.js,anonymous function
getLocale,I,316105,out/Skype_extract/app-arm64/app.unminified.js,anonymous function
getLocale,d,316138,out/Skype_extract/app-arm64/app.unminified.js,anonymous function
getLocale,d,317155,out/Skype_extract/app-arm64/app.unminified.js,anonymous function
getLocale,,344949,out/Skype_extract/app-arm64/app.unminified.js,anonymous function
getLocale,,344957,out/Skype_extract/app-arm64/app.unminified.js,anonymous function
getLocale,y,347994,out/Skype_extract/app-arm64/app.unminified.js,anonymous function
getLocale,y,348012,out/Skype_extract/app-arm64/app.unminified.js,anonymous function
getLocale,y,348017,out/Skype_extract/app-arm64/app.unminified.js,anonymous function
getLocale,y,348072,out/Skype_extract/app-arm64/app.unminified.js,anonymous function
getLocale,y,348111,out/Skype_extract/app-arm64/app.unminified.js,anonymous function
getLocale,y,348172,out/Skype_extract/app-arm64/app.unminified.js,anonymous function
getLocale,v,368534,out/Skype_extract/app-arm64/app.unminified.js,anonymous function
getLocale,p,404852,out/Skype_extract/app-arm64/app.unminified.js,anonymous function
getLocale,v,410843,out/Skype_extract/app-arm64/app.unminified.js,U
getLocale,_,413611,out/Skype_extract/app-arm64/app.unminified.js,anonymous function
getLocale,v,416175,out/Skype_extract/app-arm64/app.unminified.js,anonymous function
getLocale,A,425347,out/Skype_extract/app-arm64/app.unminified.js,anonymous function
getLocale,S,450979,out/Skype_extract/app-arm64/app.unminified.js,anonymous function
getLocale,P,467961,out/Skype_extract/app-arm64/app.unminified.js,anonymous function
getLocale,u,473740,out/Skype_extract/app-arm64/app.unminified.js,anonymous function
getLocale,l,474566,out/Skype_extract/app-arm64/app.unminified.js,anonymous function
getLocale,s,482846,out/Skype_extract/app-arm64/app.unminified.js,anonymous function
getLocale,u,482890,out/Skype_extract/app-arm64/app.unminified.js,anonymous function
getLocale,u,485170,out/Skype_extract/app-arm64/app.unminified.js,anonymous function
getLocale,y,496772,out/Skype_extract/app-arm64/app.unminified.js,anonymous function
getLocale,y,496801,out/Skype_extract/app-arm64/app.unminified.js,anonymous function
getSystemLocale,De.default,36527,out/Skype_extract/app-arm64/app.unminified.js,anonymous function
getSystemLocale,d.default,37830,out/Skype_extract/app-arm64/app.unminified.js,anonymous function
getSystemLocale,n.default,233832,out/Skype_extract/app-arm64/app.unminified.js,anonymous function
getSystemLocale,y.default,256075,out/Skype_extract/app-arm64/app.unminified.js,anonymous function
getSystemLocale,p.default,277763,out/Skype_extract/app-arm64/app.unminified.js,anonymous function
getSystemLocale,p.default,280571,out/Skype_extract/app-arm64/app.unminified.js,anonymous function
getSystemLocale,s.default,450548,out/Skype_extract/app-arm64/app.unminified.js,anonymous function
arch,s,17047,out/Skype_extract/app-arm64/main.unminified.js,anonymous function
arch,a,17914,out/Skype_extract/app-arm64/main.unminified.js,anonymous function
cpus,s,17034,out/Skype_extract/app-arm64/main.unminified.js,anonymous function
cpus,s,17035,out/Skype_extract/app-arm64/main.unminified.js,anonymous function
cpus,s,17036,out/Skype_extract/app-arm64/main.unminified.js,anonymous function
cpus,s,17039,out/Skype_extract/app-arm64/main.unminified.js,anonymous function
cpus,s,17098,out/Skype_extract/app-arm64/main.unminified.js,anonymous function
cpus,a,17914,out/Skype_extract/app-arm64/main.unminified.js,anonymous function
cpus,r,22250,out/Skype_extract/app-arm64/main.unminified.js,anonymous function
totalmem,s,17031,out/Skype_extract/app-arm64/main.unminified.js,anonymous function
totalmem,a,17914,out/Skype_extract/app-arm64/main.unminified.js,anonymous function
getPrimaryDisplay,r.screen,18893,out/Skype_extract/app-arm64/main.unminified.js,anonymous function
getPrimaryDisplay,i.screen,21261,out/Skype_extract/app-arm64/main.unminified.js,anonymous function
getAllDisplays,i.screen,18262,out/Skype_extract/app-arm64/main.unminified.js,anonymous function
getAllDisplays,r.screen,18893,out/Skype_extract/app-arm64/main.unminified.js,anonymous function
hostname,s,17047,out/Skype_extract/app-arm64/main.unminified.js,anonymous function
freemem,s,17032,out/Skype_extract/app-arm64/main.unminified.js,anonymous function
freemem,a,17914,out/Skype_extract/app-arm64/main.unminified.js,anonymous function
platform,a,17914,out/Skype_extract/app-arm64/main.unminified.js,anonymous function
totalmem,s,17031,out/Skype_extract/app-arm64/main.unminified.js,anonymous function
totalmem,a,17914,out/Skype_extract/app-arm64/main.unminified.js,anonymous function
release,r,10517,out/Skype_extract/app-arm64/main.unminified.js,l
release,s,17047,out/Skype_extract/app-arm64/main.unminified.js,anonymous function
release,a,17914,out/Skype_extract/app-arm64/main.unminified.js,anonymous function
release,s,20178,out/Skype_extract/app-arm64/main.unminified.js,anonymous function
release,a,20264,out/Skype_extract/app-arm64/main.unminified.js,anonymous function
release,i,21384,out/Skype_extract/app-arm64/main.unminified.js,anonymous function
release,i,21384,out/Skype_extract/app-arm64/main.unminified.js,anonymous function
release,i,21384,out/Skype_extract/app-arm64/main.unminified.js,anonymous function
release,r,22236,out/Skype_extract/app-arm64/main.unminified.js,s
type,a,17914,out/Skype_extract/app-arm64/main.unminified.js,anonymous function
type,a,20263,out/Skype_extract/app-arm64/main.unminified.js,anonymous function
type,i,21384,out/Skype_extract/app-arm64/main.unminified.js,anonymous function
getGPUInfo,i.app,17937,out/Skype_extract/app-arm64/main.unminified.js,anonymous function
getLocale,i.app,20266,out/Skype_extract/app-arm64/main.unminified.js,anonymous function
getLocale,r.default.app,20423,out/Skype_extract/app-arm64/main.unminified.js,anonymous function
getLocale,._localizer,20537,out/Skype_extract/app-arm64/main.unminified.js,anonymous function
getLocale,,20540,out/Skype_extract/app-arm64/main.unminified.js,anonymous function
getLocale,._language,21520,out/Skype_extract/app-arm64/main.unminified.js,anonymous function
getLocaleCountryCode,i.app,20540,out/Skype_extract/app-arm64/main.unminified.js,anonymous function
cpus,r,5548,out/Skype_extract/app-arm64/preload.unminified.js,anonymous function
release,r,4102,out/Skype_extract/app-arm64/preload.unminified.js,c
release,r,5534,out/Skype_extract/app-arm64/preload.unminified.js,a
cpus,r,5548,out/Skype_extract/app-arm64/preloadsharedpopup.unminified.js,anonymous function
release,r,4102,out/Skype_extract/app-arm64/preloadsharedpopup.unminified.js,c
release,r,5534,out/Skype_extract/app-arm64/preloadsharedpopup.unminified.js,a
release,bezierLengthPool,73862,out/Skype_extract/app-arm64/vendor.unminified.js,anonymous function
release,pointPool,74230,out/Skype_extract/app-arm64/vendor.unminified.js,anonymous function
release,pointPool,74230,out/Skype_extract/app-arm64/vendor.unminified.js,anonymous function
release,pointPool,74230,out/Skype_extract/app-arm64/vendor.unminified.js,anonymous function
release,shapePool,74247,out/Skype_extract/app-arm64/vendor.unminified.js,anonymous function
release,shapePool,74257,out/Skype_extract/app-arm64/vendor.unminified.js,anonymous function
release,segmentsLengthPool,74757,out/Skype_extract/app-arm64/vendor.unminified.js,anonymous function
release,n.e,77922,out/Skype_extract/app-arm64/vendor.unminified.js,anonymous function
release,ur,128639,out/Skype_extract/app-arm64/vendor.unminified.js,anonymous function
release,or,128639,out/Skype_extract/app-arm64/vendor.unminified.js,anonymous function
release,d,135069,out/Skype_extract/app-arm64/vendor.unminified.js,anonymous function
release,._focusManager,135711,out/Skype_extract/app-arm64/vendor.unminified.js,anonymous function
release,._focusManager,136998,out/Skype_extract/app-arm64/vendor.unminified.js,anonymous function
release,.hydraPlayer,159698,out/Skype_extract/app-arm64/vendor.unminified.js,anonymous function
release,.hydraPlayer,160445,out/Skype_extract/app-arm64/vendor.unminified.js,anonymous function
release,,173224,out/Skype_extract/app-arm64/vendor.unminified.js,anonymous function
release,._previewVideoManager,179198,out/Skype_extract/app-arm64/vendor.unminified.js,anonymous function
release,._previewVideoManager,179229,out/Skype_extract/app-arm64/vendor.unminified.js,anonymous function
release,,181176,out/Skype_extract/app-arm64/vendor.unminified.js,anonymous function
release,,182148,out/Skype_extract/app-arm64/vendor.unminified.js,anonymous function
getAllDisplays,a.default,491433,out/Skype_extract/app-x64/app.unminified.js,k
getAllDisplays,a.default,491485,out/Skype_extract/app-x64/app.unminified.js,anonymous function
getAllDisplays,a.default,491550,out/Skype_extract/app-x64/app.unminified.js,anonymous function
getAllDisplays,a.default,491583,out/Skype_extract/app-x64/app.unminified.js,anonymous function
getAllDisplays,a.default,491624,out/Skype_extract/app-x64/app.unminified.js,p
getAllDisplays,a.default,491635,out/Skype_extract/app-x64/app.unminified.js,g
release,s.default,43096,out/Skype_extract/app-x64/app.unminified.js,anonymous function
release,s.default,43101,out/Skype_extract/app-x64/app.unminified.js,anonymous function
release,n.default,43584,out/Skype_extract/app-x64/app.unminified.js,anonymous function
release,n.default,48764,out/Skype_extract/app-x64/app.unminified.js,anonymous function
release,._audioManagerClient,158329,out/Skype_extract/app-x64/app.unminified.js,anonymous function
release,._player,158354,out/Skype_extract/app-x64/app.unminified.js,anonymous function
release,._audioManagerClient,158361,out/Skype_extract/app-x64/app.unminified.js,anonymous function
release,._player,158361,out/Skype_extract/app-x64/app.unminified.js,anonymous function
release,._audioManagerClient,158603,out/Skype_extract/app-x64/app.unminified.js,anonymous function
release,s.default,204580,out/Skype_extract/app-x64/app.unminified.js,anonymous function
release,s.default,204583,out/Skype_extract/app-x64/app.unminified.js,anonymous function
release,n.default,238738,out/Skype_extract/app-x64/app.unminified.js,anonymous function
release,l.default,238861,out/Skype_extract/app-x64/app.unminified.js,anonymous function
release,l.default,238907,out/Skype_extract/app-x64/app.unminified.js,anonymous function
release,l.default,239144,out/Skype_extract/app-x64/app.unminified.js,anonymous function
release,i.player,240357,out/Skype_extract/app-x64/app.unminified.js,anonymous function
release,._audioManagerClient,276016,out/Skype_extract/app-x64/app.unminified.js,anonymous function
release,._audioManagerClient,276021,out/Skype_extract/app-x64/app.unminified.js,anonymous function
release,s.default,304332,out/Skype_extract/app-x64/app.unminified.js,anonymous function
release,s.default,304531,out/Skype_extract/app-x64/app.unminified.js,anonymous function
release,._audioManagerClient,322694,out/Skype_extract/app-x64/app.unminified.js,anonymous function
release,._audioManagerClient,322901,out/Skype_extract/app-x64/app.unminified.js,anonymous function
release,._audioManagerClient,322910,out/Skype_extract/app-x64/app.unminified.js,anonymous function
release,._audioManagerClient,322917,out/Skype_extract/app-x64/app.unminified.js,anonymous function
release,._audioManagerClient,322961,out/Skype_extract/app-x64/app.unminified.js,anonymous function
release,._audioManagerClient,324048,out/Skype_extract/app-x64/app.unminified.js,anonymous function
release,._audioManagerClient,324167,out/Skype_extract/app-x64/app.unminified.js,anonymous function
release,._audioManagerClient,337272,out/Skype_extract/app-x64/app.unminified.js,anonymous function
release,._audioManagerClient,337277,out/Skype_extract/app-x64/app.unminified.js,anonymous function
release,._audioManagerClient,340103,out/Skype_extract/app-x64/app.unminified.js,anonymous function
release,n.default,345928,out/Skype_extract/app-x64/app.unminified.js,anonymous function
release,n.default,345961,out/Skype_extract/app-x64/app.unminified.js,anonymous function
release,._audioManagerClient,368792,out/Skype_extract/app-x64/app.unminified.js,anonymous function
release,._audioManagerClient,368832,out/Skype_extract/app-x64/app.unminified.js,anonymous function
release,a.default,406217,out/Skype_extract/app-x64/app.unminified.js,anonymous function
release,a.default,406225,out/Skype_extract/app-x64/app.unminified.js,anonymous function
release,n.default,407626,out/Skype_extract/app-x64/app.unminified.js,anonymous function
release,s.default,408059,out/Skype_extract/app-x64/app.unminified.js,anonymous function
release,a.default,416224,out/Skype_extract/app-x64/app.unminified.js,anonymous function
release,a.default,416241,out/Skype_extract/app-x64/app.unminified.js,anonymous function
release,a.default,416262,out/Skype_extract/app-x64/app.unminified.js,anonymous function
release,a.default,416277,out/Skype_extract/app-x64/app.unminified.js,anonymous function
release,a.default,416293,out/Skype_extract/app-x64/app.unminified.js,anonymous function
release,n.default,420275,out/Skype_extract/app-x64/app.unminified.js,anonymous function
release,s.default,420689,out/Skype_extract/app-x64/app.unminified.js,anonymous function
release,._composingIndicationEventSender,444277,out/Skype_extract/app-x64/app.unminified.js,anonymous function
release,._autoCompletionEventSender,444277,out/Skype_extract/app-x64/app.unminified.js,anonymous function
getLocale,ee,36839,out/Skype_extract/app-x64/app.unminified.js,anonymous function
getLocale,I,38358,out/Skype_extract/app-x64/app.unminified.js,anonymous function
getLocale,x,40981,out/Skype_extract/app-x64/app.unminified.js,anonymous function
getLocale,x,41166,out/Skype_extract/app-x64/app.unminified.js,anonymous function
getLocale,c,41414,out/Skype_extract/app-x64/app.unminified.js,anonymous function
getLocale,q,44219,out/Skype_extract/app-x64/app.unminified.js,anonymous function
getLocale,q,44222,out/Skype_extract/app-x64/app.unminified.js,anonymous function
getLocale,l,49506,out/Skype_extract/app-x64/app.unminified.js,anonymous function
getLocale,c,102996,out/Skype_extract/app-x64/app.unminified.js,anonymous function
getLocale,h,108770,out/Skype_extract/app-x64/app.unminified.js,anonymous function
getLocale,h,108778,out/Skype_extract/app-x64/app.unminified.js,anonymous function
getLocale,h,108826,out/Skype_extract/app-x64/app.unminified.js,anonymous function
getLocale,h,108837,out/Skype_extract/app-x64/app.unminified.js,anonymous function
getLocale,f,111204,out/Skype_extract/app-x64/app.unminified.js,anonymous function
getLocale,p,114415,out/Skype_extract/app-x64/app.unminified.js,anonymous function
getLocale,p,114418,out/Skype_extract/app-x64/app.unminified.js,anonymous function
getLocale,p,114442,out/Skype_extract/app-x64/app.unminified.js,anonymous function
getLocale,n,117201,out/Skype_extract/app-x64/app.unminified.js,anonymous function
getLocale,f,122943,out/Skype_extract/app-x64/app.unminified.js,anonymous function
getLocale,f,123169,out/Skype_extract/app-x64/app.unminified.js,anonymous function
getLocale,d,126850,out/Skype_extract/app-x64/app.unminified.js,anonymous function
getLocale,h,131085,out/Skype_extract/app-x64/app.unminified.js,anonymous function
getLocale,g,141324,out/Skype_extract/app-x64/app.unminified.js,anonymous function
getLocale,g,141356,out/Skype_extract/app-x64/app.unminified.js,anonymous function
getLocale,g,141378,out/Skype_extract/app-x64/app.unminified.js,anonymous function
getLocale,h,141525,out/Skype_extract/app-x64/app.unminified.js,anonymous function
getLocale,h,141543,out/Skype_extract/app-x64/app.unminified.js,anonymous function
getLocale,h,141857,out/Skype_extract/app-x64/app.unminified.js,anonymous function
getLocale,h,141927,out/Skype_extract/app-x64/app.unminified.js,anonymous function
getLocale,h,141941,out/Skype_extract/app-x64/app.unminified.js,anonymous function
getLocale,s,154122,out/Skype_extract/app-x64/app.unminified.js,anonymous function
getLocale,p,155409,out/Skype_extract/app-x64/app.unminified.js,anonymous function
getLocale,d,174324,out/Skype_extract/app-x64/app.unminified.js,anonymous function
getLocale,d,174331,out/Skype_extract/app-x64/app.unminified.js,anonymous function
getLocale,c,177897,out/Skype_extract/app-x64/app.unminified.js,anonymous function
getLocale,m,187193,out/Skype_extract/app-x64/app.unminified.js,anonymous function
getLocale,_,187588,out/Skype_extract/app-x64/app.unminified.js,anonymous function
getLocale,C,187793,out/Skype_extract/app-x64/app.unminified.js,anonymous function
getLocale,u,191508,out/Skype_extract/app-x64/app.unminified.js,anonymous function
getLocale,H,198543,out/Skype_extract/app-x64/app.unminified.js,anonymous function
getLocale,H,198733,out/Skype_extract/app-x64/app.unminified.js,anonymous function
getLocale,H,199103,out/Skype_extract/app-x64/app.unminified.js,anonymous function
getLocale,u,227742,out/Skype_extract/app-x64/app.unminified.js,anonymous function
getLocale,T,229199,out/Skype_extract/app-x64/app.unminified.js,anonymous function
getLocale,T,229200,out/Skype_extract/app-x64/app.unminified.js,anonymous function
getLocale,g,232099,out/Skype_extract/app-x64/app.unminified.js,anonymous function
getLocale,g,232102,out/Skype_extract/app-x64/app.unminified.js,anonymous function
getLocale,g,232107,out/Skype_extract/app-x64/app.unminified.js,anonymous function
getLocale,g,232141,out/Skype_extract/app-x64/app.unminified.js,anonymous function
getLocale,l,232552,out/Skype_extract/app-x64/app.unminified.js,anonymous function
getLocale,n,233623,out/Skype_extract/app-x64/app.unminified.js,anonymous function
getLocale,s,233834,out/Skype_extract/app-x64/app.unminified.js,anonymous function
getLocale,_,238378,out/Skype_extract/app-x64/app.unminified.js,anonymous function
getLocale,f,246622,out/Skype_extract/app-x64/app.unminified.js,anonymous function
getLocale,r,250452,out/Skype_extract/app-x64/app.unminified.js,anonymous function
getLocale,m,251974,out/Skype_extract/app-x64/app.unminified.js,C
getLocale,m,251981,out/Skype_extract/app-x64/app.unminified.js,anonymous function
getLocale,m,251994,out/Skype_extract/app-x64/app.unminified.js,anonymous function
getLocale,m,252006,out/Skype_extract/app-x64/app.unminified.js,T
getLocale,S,256075,out/Skype_extract/app-x64/app.unminified.js,anonymous function
getLocale,d,262040,out/Skype_extract/app-x64/app.unminified.js,anonymous function
getLocale,d,262052,out/Skype_extract/app-x64/app.unminified.js,anonymous function
getLocale,S,262220,out/Skype_extract/app-x64/app.unminified.js,anonymous function
getLocale,S,262263,out/Skype_extract/app-x64/app.unminified.js,anonymous function
getLocale,u,271988,out/Skype_extract/app-x64/app.unminified.js,anonymous function
getLocale,r,276986,out/Skype_extract/app-x64/app.unminified.js,anonymous function
getLocale,u,277763,out/Skype_extract/app-x64/app.unminified.js,anonymous function
getLocale,u,277764,out/Skype_extract/app-x64/app.unminified.js,anonymous function
getLocale,d.default,280572,out/Skype_extract/app-x64/app.unminified.js,anonymous function
getLocale,g,282711,out/Skype_extract/app-x64/app.unminified.js,anonymous function
getLocale,n,283090,out/Skype_extract/app-x64/app.unminified.js,anonymous function
getLocale,n,283141,out/Skype_extract/app-x64/app.unminified.js,anonymous function
getLocale,m,291339,out/Skype_extract/app-x64/app.unminified.js,anonymous function
getLocale,c,296174,out/Skype_extract/app-x64/app.unminified.js,anonymous function
getLocale,F,297709,out/Skype_extract/app-x64/app.unminified.js,anonymous function
getLocale,a,299474,out/Skype_extract/app-x64/app.unminified.js,anonymous function
getLocale,a,299501,out/Skype_extract/app-x64/app.unminified.js,anonymous function
getLocale,s,299617,out/Skype_extract/app-x64/app.unminified.js,anonymous function
getLocale,n,299768,out/Skype_extract/app-x64/app.unminified.js,anonymous function
getLocale,I,300619,out/Skype_extract/app-x64/app.unminified.js,anonymous function
getLocale,I,300629,out/Skype_extract/app-x64/app.unminified.js,anonymous function
getLocale,I,300741,out/Skype_extract/app-x64/app.unminified.js,anonymous function
getLocale,r,303040,out/Skype_extract/app-x64/app.unminified.js,anonymous function
getLocale,c,310704,out/Skype_extract/app-x64/app.unminified.js,anonymous function
getLocale,n,315793,out/Skype_extract/app-x64/app.unminified.js,anonymous function
getLocale,I,316105,out/Skype_extract/app-x64/app.unminified.js,anonymous function
getLocale,d,316138,out/Skype_extract/app-x64/app.unminified.js,anonymous function
getLocale,d,317155,out/Skype_extract/app-x64/app.unminified.js,anonymous function
getLocale,,344949,out/Skype_extract/app-x64/app.unminified.js,anonymous function
getLocale,,344957,out/Skype_extract/app-x64/app.unminified.js,anonymous function
getLocale,y,347994,out/Skype_extract/app-x64/app.unminified.js,anonymous function
getLocale,y,348012,out/Skype_extract/app-x64/app.unminified.js,anonymous function
getLocale,y,348017,out/Skype_extract/app-x64/app.unminified.js,anonymous function
getLocale,y,348072,out/Skype_extract/app-x64/app.unminified.js,anonymous function
getLocale,y,348111,out/Skype_extract/app-x64/app.unminified.js,anonymous function
getLocale,y,348172,out/Skype_extract/app-x64/app.unminified.js,anonymous function
getLocale,v,368534,out/Skype_extract/app-x64/app.unminified.js,anonymous function
getLocale,p,404852,out/Skype_extract/app-x64/app.unminified.js,anonymous function
getLocale,v,410843,out/Skype_extract/app-x64/app.unminified.js,U
getLocale,_,413611,out/Skype_extract/app-x64/app.unminified.js,anonymous function
getLocale,v,416175,out/Skype_extract/app-x64/app.unminified.js,anonymous function
getLocale,A,425347,out/Skype_extract/app-x64/app.unminified.js,anonymous function
getLocale,S,450979,out/Skype_extract/app-x64/app.unminified.js,anonymous function
getLocale,P,467961,out/Skype_extract/app-x64/app.unminified.js,anonymous function
getLocale,u,473740,out/Skype_extract/app-x64/app.unminified.js,anonymous function
getLocale,l,474566,out/Skype_extract/app-x64/app.unminified.js,anonymous function
getLocale,s,482846,out/Skype_extract/app-x64/app.unminified.js,anonymous function
getLocale,u,482890,out/Skype_extract/app-x64/app.unminified.js,anonymous function
getLocale,u,485170,out/Skype_extract/app-x64/app.unminified.js,anonymous function
getLocale,y,496772,out/Skype_extract/app-x64/app.unminified.js,anonymous function
getLocale,y,496801,out/Skype_extract/app-x64/app.unminified.js,anonymous function
getSystemLocale,De.default,36527,out/Skype_extract/app-x64/app.unminified.js,anonymous function
getSystemLocale,d.default,37830,out/Skype_extract/app-x64/app.unminified.js,anonymous function
getSystemLocale,n.default,233832,out/Skype_extract/app-x64/app.unminified.js,anonymous function
getSystemLocale,y.default,256075,out/Skype_extract/app-x64/app.unminified.js,anonymous function
getSystemLocale,p.default,277763,out/Skype_extract/app-x64/app.unminified.js,anonymous function
getSystemLocale,p.default,280571,out/Skype_extract/app-x64/app.unminified.js,anonymous function
getSystemLocale,s.default,450548,out/Skype_extract/app-x64/app.unminified.js,anonymous function
arch,s,17047,out/Skype_extract/app-x64/main.unminified.js,anonymous function
arch,a,17914,out/Skype_extract/app-x64/main.unminified.js,anonymous function
cpus,s,17034,out/Skype_extract/app-x64/main.unminified.js,anonymous function
cpus,s,17035,out/Skype_extract/app-x64/main.unminified.js,anonymous function
cpus,s,17036,out/Skype_extract/app-x64/main.unminified.js,anonymous function
cpus,s,17039,out/Skype_extract/app-x64/main.unminified.js,anonymous function
cpus,s,17098,out/Skype_extract/app-x64/main.unminified.js,anonymous function
cpus,a,17914,out/Skype_extract/app-x64/main.unminified.js,anonymous function
cpus,r,22250,out/Skype_extract/app-x64/main.unminified.js,anonymous function
totalmem,s,17031,out/Skype_extract/app-x64/main.unminified.js,anonymous function
totalmem,a,17914,out/Skype_extract/app-x64/main.unminified.js,anonymous function
getPrimaryDisplay,r.screen,18893,out/Skype_extract/app-x64/main.unminified.js,anonymous function
getPrimaryDisplay,i.screen,21261,out/Skype_extract/app-x64/main.unminified.js,anonymous function
getAllDisplays,i.screen,18262,out/Skype_extract/app-x64/main.unminified.js,anonymous function
getAllDisplays,r.screen,18893,out/Skype_extract/app-x64/main.unminified.js,anonymous function
hostname,s,17047,out/Skype_extract/app-x64/main.unminified.js,anonymous function
freemem,s,17032,out/Skype_extract/app-x64/main.unminified.js,anonymous function
freemem,a,17914,out/Skype_extract/app-x64/main.unminified.js,anonymous function
platform,a,17914,out/Skype_extract/app-x64/main.unminified.js,anonymous function
totalmem,s,17031,out/Skype_extract/app-x64/main.unminified.js,anonymous function
totalmem,a,17914,out/Skype_extract/app-x64/main.unminified.js,anonymous function
release,r,10517,out/Skype_extract/app-x64/main.unminified.js,l
release,s,17047,out/Skype_extract/app-x64/main.unminified.js,anonymous function
release,a,17914,out/Skype_extract/app-x64/main.unminified.js,anonymous function
release,s,20178,out/Skype_extract/app-x64/main.unminified.js,anonymous function
release,a,20264,out/Skype_extract/app-x64/main.unminified.js,anonymous function
release,i,21384,out/Skype_extract/app-x64/main.unminified.js,anonymous function
release,i,21384,out/Skype_extract/app-x64/main.unminified.js,anonymous function
release,i,21384,out/Skype_extract/app-x64/main.unminified.js,anonymous function
release,r,22236,out/Skype_extract/app-x64/main.unminified.js,s
type,a,17914,out/Skype_extract/app-x64/main.unminified.js,anonymous function
type,a,20263,out/Skype_extract/app-x64/main.unminified.js,anonymous function
type,i,21384,out/Skype_extract/app-x64/main.unminified.js,anonymous function
getGPUInfo,i.app,17937,out/Skype_extract/app-x64/main.unminified.js,anonymous function
getLocale,i.app,20266,out/Skype_extract/app-x64/main.unminified.js,anonymous function
getLocale,r.default.app,20423,out/Skype_extract/app-x64/main.unminified.js,anonymous function
getLocale,._localizer,20537,out/Skype_extract/app-x64/main.unminified.js,anonymous function
getLocale,,20540,out/Skype_extract/app-x64/main.unminified.js,anonymous function
getLocale,._language,21520,out/Skype_extract/app-x64/main.unminified.js,anonymous function
getLocaleCountryCode,i.app,20540,out/Skype_extract/app-x64/main.unminified.js,anonymous function
cpus,r,5548,out/Skype_extract/app-x64/preload.unminified.js,anonymous function
release,r,4102,out/Skype_extract/app-x64/preload.unminified.js,c
release,r,5534,out/Skype_extract/app-x64/preload.unminified.js,a
cpus,r,5548,out/Skype_extract/app-x64/preloadsharedpopup.unminified.js,anonymous function
release,r,4102,out/Skype_extract/app-x64/preloadsharedpopup.unminified.js,c
release,r,5534,out/Skype_extract/app-x64/preloadsharedpopup.unminified.js,a
release,bezierLengthPool,73862,out/Skype_extract/app-x64/vendor.unminified.js,anonymous function
release,pointPool,74230,out/Skype_extract/app-x64/vendor.unminified.js,anonymous function
release,pointPool,74230,out/Skype_extract/app-x64/vendor.unminified.js,anonymous function
release,pointPool,74230,out/Skype_extract/app-x64/vendor.unminified.js,anonymous function
release,shapePool,74247,out/Skype_extract/app-x64/vendor.unminified.js,anonymous function
release,shapePool,74257,out/Skype_extract/app-x64/vendor.unminified.js,anonymous function
release,segmentsLengthPool,74757,out/Skype_extract/app-x64/vendor.unminified.js,anonymous function
release,n.e,77922,out/Skype_extract/app-x64/vendor.unminified.js,anonymous function
release,ur,128639,out/Skype_extract/app-x64/vendor.unminified.js,anonymous function
release,or,128639,out/Skype_extract/app-x64/vendor.unminified.js,anonymous function
release,d,135069,out/Skype_extract/app-x64/vendor.unminified.js,anonymous function
release,._focusManager,135711,out/Skype_extract/app-x64/vendor.unminified.js,anonymous function
release,._focusManager,136998,out/Skype_extract/app-x64/vendor.unminified.js,anonymous function
release,.hydraPlayer,159698,out/Skype_extract/app-x64/vendor.unminified.js,anonymous function
release,.hydraPlayer,160445,out/Skype_extract/app-x64/vendor.unminified.js,anonymous function
release,,173224,out/Skype_extract/app-x64/vendor.unminified.js,anonymous function
release,._previewVideoManager,179198,out/Skype_extract/app-x64/vendor.unminified.js,anonymous function
release,._previewVideoManager,179229,out/Skype_extract/app-x64/vendor.unminified.js,anonymous function
release,,181176,out/Skype_extract/app-x64/vendor.unminified.js,anonymous function
release,,182148,out/Skype_extract/app-x64/vendor.unminified.js,anonymous function
